Область,Район,ОТГ,Населений пункт,Що цікавого ,Веб-ресурси
Київська область,,,,,
Київська,Броварський,Зазимська,Погреби,,
Київська,Броварський,Зазимська,Зазим'я,,
Київська,Броварський,Зазимська,Пухівка,,
Київська,Броварський,Зазимська,Рожівка,,
Київська,Броварський,Зазимська,Рожни,,
Київська,Броварський,Зазимська,Літки,,
Київська,Броварський,Зазимська,Соболівка,,
Київська,Броварський,Зазимська,Літочки,,
Київська,Вишгородський,Вишгородська міська громада,Осещина,,
Київська,Вишгородський,Вишгородська міська громада,Хотянівка,,
Київська,Вишгородський,Пірнівська сільська громада,Новосілки,,
Київська,Вишгородський,Пірнівська сільська громада,Нижча Дубечня,,
Київська,Вишгородський,Пірнівська сільська громада,Вища Дубечня,,
Київська,Вишгородський,Пірнівська сільська громада,Пірнове,,
Київська,Вишгородський,Пірнівська сільська громада,Воропаїв,,
Київська,Вишгородський,Пірнівська сільська громада,Жукин,,
Київська,Вишгородський,Пірнівська сільська громада,Боденьки,,
Київська,Вишгородський,Пірнівська сільська громада,Сувид,,
,,,,,
Чернігівська область ,,,,,
Чернігівська ,Чернігівський,Остерська,Крехаїв ,,
Чернігівська ,Чернігівський,Остерська,Євминка,,
Чернігівська ,Чернігівський,Остерська,Беремицьке,,
Чернігівська ,Чернігівський,Остерська,Поліське,,
Чернігівська ,Чернігівський,Остерська,Остер,,
Чернігівська ,Чернігівський,Остерська,Жуківщина,,
Чернігівська ,Чернігівський,Остерська,Набільське,,
Чернігівська ,Чернігівський,Остерська,Любечанинів,,
Чернігівська ,Чернігівський,Остерська,Крені,,
Чернігівська ,Чернігівський,Остерська,Кошани,,
Чернігівська ,Чернігівський,Остерська,Романьки,,
Чернігівська ,Чернігівський,Остерська,Бірки,,
Чернігівська ,Чернігівський,Остерська,Дешки,,
Чернігівська ,Козелецький,Козелецька,Тарасів,,
Чернігівська ,Козелецький,Козелецька,Опеньки,,
Чернігівська ,Чернігівський,Остерська,Самсони,,
Чернігівська ,Чернігівський,Остерська,Одинці,,
Чернігівська ,Чернігівський,Остерська,Бабарики,,
Чернігівська ,Чернігівський,Остерська,Волевачі,,
Чернігівська ,Козелецький,Козелецька,Скрипчин,,
Чернігівська ,Козелецький,Козелецька,Бобруйки,,
Чернігівська ,Козелецький,Козелецька,Пушкарі,,
Чернігівська ,Козелецький,Козелецька,Шами,,
Чернігівська ,Козелецький,Козелецька,Білейки,,
Чернігівська ,Козелецький,Козелецька,Новики,,
Чернігівська ,Козелецький,Козелецька,Лихолітки,,
Чернігівська ,Козелецький,Козелецька,Кривицьке,,
Чернігівська ,Козелецький,Козелецька,Козелець,,
Чернігівська ,Козелецький,Козелецька,Гарбузин,,
Чернігівська ,Козелецький,Козелецька,Сивухи,,
Чернігівська ,Козелецький,Козелецька,Олексіївщина,,
Чернігівська ,Козелецький,Козелецька,Гламазди,,
Чернігівська ,Козелецький,Козелецька,Берлози,,
Чернігівська ,Козелецький,Козелецька,Закревське,,
Чернігівська ,Козелецький,Козелецька,Тополі,,
Чернігівська ,Козелецький,Козелецька,Жеребецьке,,
Чернігівська ,Козелецький,Козелецька,Часнівці,,
Чернігівська ,Козелецький,Козелецька,Риків,,
Чернігівська ,Козелецький,Козелецька,Мирне,,
Чернігівська ,Козелецький,Козелецька,Бригинці,,
Чернігівська ,Козелецький,Козелецька,Карасинівка,,
Чернігівська ,Козелецький,Козелецька,Курганське,,
Чернігівська ,Ніжинський,Бобровицька,Сухиня,,
Чернігівська ,Козелецький,Козелецька,Мостище,,
Чернігівська ,Ніжинський,Бобровицька,Марківці,,
Чернігівська ,Ніжинський,Бобровицька,Рудьківка,,
Чернігівська ,Ніжинський,Бобровицька,Макарівка,,
Чернігівська ,Ніжинський,Бобровицька,Хомівці,,
Чернігівська ,Ніжинський,Бобровицька,Коношівка,,
Чернігівська ,Ніжинський,Бобровицька,Браниця,,
Чернігівська ,Ніжинський,Бобровицька,Кобижча,,
Чернігівська ,Козелецький,Козелецька,Данівка,,
Чернігівська ,Ніжинський,Бобровицька,Наумівка,,
Чернігівська ,Ніжинський,Носівська,Підгайне,,
Чернігівська ,Ніжинський,Носівська,Носівка,,
Чернігівська ,Ніжинський,Носівська,Лукашівка,,
Чернігівська ,Ніжинський,Носівська,Андріївка,,
Чернігівська ,Ніжинський,Носівська,Козари,,
Чернігівська ,Козелецький,Козелецька,Пилятин,,
Чернігівська ,Козелецький,Козелецька,Блудше,,
Чернігівська ,Козелецький,Козелецька,Нова Гребля,,
Чернігівська ,Ніжинський,Носівська,Іржавець,,
Чернігівська ,Ніжинський,Носівська,Ведмедівка,,
Чернігівська ,Козелецький,Козелецька,Будище,,
Чернігівська ,Ніжинський,Носівська,Адамівка,,
Чернігівська ,Ніжинський,Носівська,Держанівка,,
Чернігівська ,Чернігівський,Киселівська,Киселівка,,
Чернігівська ,Ніжинський,Носівська,Лісові Хутори (Жовтень),,
Чернігівська ,Ніжинський,Носівська,Дебреве,,
Чернігівська ,Ніжинський,Мринська,Мрин,,
Чернігівська ,Ніжинський,Мринська,Роздольне,,
Чернігівська ,Ніжинський,Мринська,Селище,,
Чернігівська ,Ніжинський,Мринська,Плоске,,
Чернігівська ,Чернігівський,Вертіївська,Колісники,,
Чернігівська ,Чернігівський,Вертіївська,Мильники (Григорівка),,
Чернігівська ,Ніжинський,Носівська,Дослідне,,
Чернігівська ,Ніжинський,Носівська,Ставок,,
Чернігівська ,Ніжинський,Носівська,Коробчине,,
Чернігівська ,Ніжинський,Носівська,Сулак,,
Чернігівська ,Ніжинський,Носівська,Кобилещина,,
Чернігівська ,Ніжинський,Носівська,Володькова Дівиця (Червоні Партизани),,
Чернігівська ,Ніжинський,Талалаївська,Кропивне,,
Чернігівська ,Ніжинський,Талалаївська,Хвилівка,,
Чернігівська ,Ніжинський,Ніжинська,Ніжинське (Григоро-Іванівка),,
Чернігівська ,Ніжинський,Ніжинська,Ніжин,,
Чернігівська ,Чернігівський,Вертіївська,Яблуневе (Радгоспне),,
Чернігівська ,Чернігівський,Вертіївська,Липів Ріг,,
Чернігівська ,Чернігівський,Вертіївська,Березанка,,
Чернігівська ,Ніжинський,Ніжинська,Переяслівка,,
Чернігівська ,Чернігівський,Вертіївська,Черняхівка,,
Чернігівська ,Ніжинський,Крутівська,Бакланове,,
Чернігівська ,Ніжинський,Крутівська,Бурківка,,
Чернігівська ,Ніжинський,Крутівська,Крути,,
Чернігівська ,Ніжинський,Крутівська,Пам'ятне,,
Чернігівська ,Ніжинський,Крутівська,Поляна,,
Чернігівська ,Ніжинський,Крутівська,Хороше озеро,,
Чернігівська ,Ніжинський,Крутівська,Остер (Червоний Остер),,
Чернігівська ,Ніжинський,Крутівська,Українка (Червона Україна),,
Чернігівська ,Ніжинський,Крутівська,Омбиш,,
Чернігівська ,Ніжинський,Крутівська,Печі,,
Чернігівська ,Ніжинський,Крутівська,Діброва,,
Чернігівська ,Ніжинський,Крутівська,Барбурське,,
Чернігівська ,Ічнянський,Ічнянська,Куликівка,,
Чернігівська ,Ічнянський,Ічнянська,Вишнівка,,
Чернігівська ,Ічнянський,Ічнянська,Шиловичі,,
Чернігівська ,Ічнянський,Ічнянська,Сваричівка,,
Чернігівська ,Ніжинський,Плисківська,Махнівка (Петрівка),,
Чернігівська ,Ічнянський,Ічнянська,Новий Поділ,,
Чернігівська ,Ічнянський,Ічнянська,Івангород,,
Чернігівська ,Ічнянський,Ічнянська,Більмачівка,,
Чернігівська ,Ніжинський,Бахмацька,Фастівці (Фастовци),,
Чернігівська ,Ніжинський,Бахмацька,Перше Травня,,
Чернігівська ,Ічнянський,Парафіївська,Мартинівка,,
Чернігівська ,Ніжинський,Бахмацька,Кальчинівка,,
Чернігівська ,Ніжинський,Дмитрівська,Смолове,,
Чернігівська ,Ніжинський,Бахмацька,Біловежі Перші,,
Чернігівська ,Ніжинський,Бахмацька,Біловежі Другі,,
Чернігівська ,Ніжинський,Бахмацька,Веселе,,
Чернігівська ,Ніжинський,Дмитрівська,Залісся (Червона Зірка),,
Чернігівська ,Ніжинський,Дмитрівська,Шевченкове,,
Чернігівська ,Ніжинський,Дмитрівська,Рубанка,,
Чернігівська ,Чернігівський,Остерська,Пархимів,,
Чернігівська ,Чернігівський,Остерська,Білики,,
Чернігівська ,Чернігівський,Остерська,Жилин Млинок,,
Чернігівська ,Чернігівський,Остерська,Котів,,
Чернігівська ,Козелецький,Кіптівська,Савинка,,
Чернігівська ,Козелецький,Кіптівська,Димерка,,
Чернігівська ,Чернігівський,Остерська,Туманська Гута,,
Чернігівська ,Козелецький,Кіптівська,Олбин,,
Чернігівська ,Козелецький,Кіптівська,Борсуків,,
Чернігівська ,Козелецький,Кіптівська,Самійлівка,,
Чернігівська ,Козелецький,Кіптівська,Вовчок,,
Чернігівська ,Козелецький,Кіптівська,Підлісне,,
Чернігівська ,Козелецький,Кіптівська,Надинівка,,
Чернігівська ,Козелецький,Кіптівська,Красилівка,,
Чернігівська ,Козелецький,Кіптівська,Копачів,,
Чернігівська ,Чернігівський,Олишівська,Сіножацьке,,
Чернігівська ,Чернігівський,Олишівська,Серединка,,
Чернігівська ,Чернігівський,Олишівська,Топчіївка,,
Чернігівська ,Чернігівський,Іванівська,Ладинка,,
Чернігівська ,Чернігівський,Іванівська,Красне,,
Чернігівська ,Чернігівський,Іванівська,Друцьке,,
Чернігівська ,Чернігівський,Іванівська,Золотинка,,
Чернігівська ,Чернігівський,Іванівська,Ягідне,,
Чернігівська ,Чернігівський,Іванівська,Скорінець,,
Чернігівська ,Чернігівський,Іванівська,Іванівка,,
Чернігівська ,Чернігівський,Іванівська,Количівка,,
Чернігівська ,Чернігівський,Іванівська,Лукашівка,,
Чернігівська ,Чернігівський,Іванівська,Анисів,,
Чернігівська ,Чернігівський,Іванівська,Єньків,,
Чернігівська ,Чернігівський,Іванівська,Підгірне,,
Чернігівська ,Чернігівський,Іванівська,Піски,,
Чернігівська ,Чернігівський,Куликівська,Виблі,,
Чернігівська ,Чернігівський,Куликівська,Уборки,,
Чернігівська ,Чернігівський,Куликівська,Горбове,,
Чернігівська ,Чернігівський,Куликівська,Глузди,,
Чернігівська ,Чернігівський,Деснянська,Десна,,
Чернігівська ,Чернігівський,Деснянська,Виповзів,,
Чернігівська ,Чернігівський,Деснянська,Лутава,,
Чернігівська ,Чернігівський,Деснянська,Карпилівка,,
Чернігівська ,Чернігівський,Деснянська,Короп'є,,
Чернігівська ,Чернігівський,Деснянська,Рудня,,
Чернігівська ,Чернігівський,Деснянська,Морівськ,,
Чернігівська ,Чернігівський,Деснянська,Отрохи,,
Чернігівська ,Чернігівський,Гончарівська,Соколівка,,
Чернігівська ,Чернігівський,Гончарівська,Максим,,
Чернігівська ,Чернігівський,Гончарівська,Лебедівка,,
Чернігівська ,Чернігівський,Гончарівська,Гончарівське,,
Чернігівська ,Чернігівський,Гончарівська,Смолин,,
Чернігівська ,Чернігівський,Гончарівська,Козероги,,
Чернігівська ,Чернігівський,Гончарівська,Жеведь,,
Чернігівська ,Чернігівський,Гончарівська,Слабин,,
Чернігівська ,Чернігівський,Гончарівська,Якубівка,,
Чернігівська ,Чернігівський,Гончарівська,Мажугівка,,
Чернігівська ,Чернігівський,Киїнська,Шестовиця,,
Чернігівська ,Чернігівський,Киїнська,Киїнка,,
Чернігівська ,Чернігівський,Киїнська,Гущин,,
Чернігівська ,Чернігівський,Киїнська,Жавинка,,
Чернігівська ,Чернігівський,Киїнська,Павлівка,,
Чернігівська ,Чернігівський,Киїнська,Трисвятська Слобода (Радянська Слобода),,
Чернігівська ,Чернігівський,Новобілоуська,Старий Білоус,,
Чернігівська ,Чернігівський,Чернігівська,Чернігів,,
Чернігівська ,Чернігівський,Киселівська,Новоселівка,,
Чернігівська ,Чернігівський,Киселівська,Вознесенське (Улянівка),,
Чернігівська ,Чернігівський,Киселівська,Киселівка,,
Чернігівська ,Чернігівський,Киселівська,Березанка,,
Чернігівська ,Чернігівський,Киселівська,Брусилів,,
Чернігівська ,Чернігівський,Киселівська,Кобилянка,,
Чернігівська ,Чернігівський,Киселівська,Снов'янка,,
Чернігівська ,Чернігівський,Киселівська,Петрове,,
Чернігівська ,Чернігівський,Киселівська,Моргуличі,,
Чернігівська ,Чернігівський,Киселівська,Боромики,,
Чернігівська ,Чернігівський,Седнівська,Клочків,,
Чернігівська ,Чернігівський,Березнянська,Бігач,,
Чернігівська ,Чернігівський,Седнівська,Седнів,,
Чернігівська ,Чернігівський,Седнівська,Черниш,,
Чернігівська ,Чернігівський,Березнянська,Климентинівка,,
Чернігівська ,Чернігівський,Березнянська,Сахнівка (Ленінівка),,
Чернігівська ,Чернігівський,Березнянська,Святі Гори (Червоні Гори),,
Чернігівська ,Чернігівський,Седнівська,Макишин,,
Чернігівська ,Чернігівський,Седнівська,Яськове,,
Чернігівська ,Чернігівський,Седнівська,Малий Дирчин,,
Чернігівська ,Чернігівський,Седнівська,Великий Дирчин,,
Чернігівська ,Чернігівський,Березнянська,Лугове,,
Чернігівська ,Сновський,Сновська,Рогізки,,
Чернігівська ,Городнянський,Городнянська,Конотоп,,
Чернігівська ,Чернігівський,Седнівська,Лашуки,,
Чернігівська ,Сновський,Сновська,Смяч,,
Чернігівська ,Сновський,Сновська,Лосєва Слобода,,
Чернігівська ,Сновський,Сновська,Нові Млини,,
Чернігівська ,Сновський,Сновська,Заріччя,,
Чернігівська ,Сновський,Сновська,Займище,,
Чернігівська ,Сновський,Сновська,Сновськ (Щорс),,
Чернігівська ,Сновський,Сновська,Сновське,,
Чернігівська ,Сновський,Сновська,Єнькова Рудня,,
Чернігівська ,Сновський,Сновська,Гвоздиківка,,
Чернігівська ,Сновський,Сновська,Селище,,
Чернігівська ,Сновський,Сновська,Ількуча,,
Чернігівська ,Сновський,Сновська,Старі Боровичі,,
Чернігівська ,Сновський,Сновська,Нові Боровичі,,
Чернігівська ,Сновський,Сновська,Загребельна Слобода,,
Чернігівська ,Сновський,Сновська,Камка,,
Чернігівська ,Сновський,Сновська,Жовідь,,
Чернігівська ,Сновський,Сновська,Безуглівка,,
Чернігівська ,Сновський,Сновська,Піщанка,,
Чернігівська ,Сновський,Сновська,Гірськ,,
Чернігівська ,Сновський,Сновська,Млинок,,
Чернігівська ,Сновський,Сновська,Містки,,
Чернігівська ,Сновський,Сновська,Єліне,,
Чернігівська ,Сновський,Сновська,Хрінівка,,
Чернігівська ,Сновський,Сновська,Клюси,,
Чернігівська ,Сновський,Сновська,Пльохів,,
Чернігівська ,Сновський,Сновська,Липівка,,
Чернігівська ,Новгород-Сіверський,Семенівська,Лісківщина,,
Чернігівська ,Новгород-Сіверський,Семенівська,Набережне,,
Чернігівська ,Новгород-Сіверський,Семенівська,Красні Лози,,
Чернігівська ,Новгород-Сіверський,Семенівська,Карповичі,,
Чернігівська ,Новгород-Сіверський,Семенівська,Прогрес,,
Чернігівська ,Новгород-Сіверський,Семенівська,Березовий Гай (Червоний Гай),,
Чернігівська ,Новгород-Сіверський,Семенівська,Хотіївка,,
Чернігівська ,Новгород-Сіверський,Семенівська,Кринички,,
Чернігівська ,Новгород-Сіверський,Семенівська,Гаті,,
Чернігівська ,Новгород-Сіверський,Семенівська,Чорнозем,,
Чернігівська ,Новгород-Сіверський,Семенівська,Калинівське,,
Чернігівська ,Новгород-Сіверський,Семенівська,Заріччя,,
Чернігівська ,Новгород-Сіверський,Семенівська,Луб'яне (Червоний Пахар),,
Чернігівська ,Новгород-Сіверський,Семенівська,Медведівка,,
Чернігівська ,Новгород-Сіверський,Семенівська,Тимоновичі,,
Чернігівська ,Новгород-Сіверський,Семенівська,Покровське,,
Чернігівська ,Новгород-Сіверський,Семенівська,Брониви (Улянівське),,
Чернігівська ,Новгород-Сіверський,Понорницька,Авдіївка,,
Чернігівська ,Чернігівський,Березнянська,Гориця,,
Чернігівська ,Чернігівський,Березнянська,Локнисте,,
Чернігівська ,Чернігівський,Березнянська,Гусавка,,
Чернігівська ,Чернігівський,Березнянська,Гребля,,
Чернігівська ,Чернігівський,Березнянська,Мощне,,
Чернігівська ,Корюківський,Менська,Лазарівка,,
Чернігівська ,Чернігівський,Березнянська,Домниця,,
Чернігівська ,Чернігівський,Березнянська,Подин,,
Чернігівська ,Корюківський,Менська,Дмитрівка,,
Чернігівська ,Чернігівський,Березнянська,Мурівка,,
Чернігівська ,Чернігівський,Березнянська,Миколаївка,,
Чернігівська ,Корюківський,Менська,Чорногорці,,
Чернігівська ,Корюківський,Менська,Семенівка,,
Чернігівська ,Чернігівський,Куликівська,Ковчин,,
Чернігівська ,Чернігівський,Куликівська,Салтикова Дівиця,,
Чернігівська ,Корюківський,Менська,Блистова,,
Чернігівська ,Корюківський,Менська,Дерепівка,,
Чернігівська ,Корюківський,Менська,Бірківка,,
Чернігівська ,Корюківський,Менська,Ушня,,
Чернігівська ,Чернігівський,Куликівська,Хибалівка,,
Чернігівська ,Чернігівський,Куликівська,Кладьківка,,
Чернігівська ,Корюківський,Менська,Дібрівка,,
Чернігівська ,Корюківський,Менська,Максаки,,
Чернігівська ,Ніжинський,Комарівська,Воловиця,,
Чернігівська ,Ніжинський,Комарівська,Березівка,,
Чернігівська ,Ніжинський,Комарівська,Степанівка,,
Чернігівська ,Ніжинський,Комарівська,Ворона,,
Чернігівська ,Ніжинський,Комарівська,Сидорівка,,
Чернігівська ,Корюківський,Менська,Луки (Червоні Луки),,
Чернігівська ,Ніжинський,Комарівська,Ховми,,
Чернігівська ,Ніжинський,Комарівська,Линівка,,
Чернігівська ,Борзнянський,Борзнянська,Красностав,,
Чернігівська ,Борзнянський,Борзнянська,Ядути,,
Чернігівська ,Борзнянський,Борзнянська,Острів Надії (Кіровське),,
Чернігівська ,Борзнянський,Борзнянська,Сапонівка,,
Чернігівська ,Корюківський,Менська,Овчарівка (Червоний Маяк),,
Чернігівська ,Корюківський,Менська,Куковицьке,,
Чернігівська ,Борзнянський,Борзнянська,Гришівка,,
Чернігівська ,Корюківський,Менська,Остапівка,,
Чернігівська ,Корюківський,Менська,Майське,,
Чернігівська ,Корюківський,Менська,Куковичі,,
Чернігівська ,Корюківський,Менська,Макошине,,
Чернігівська ,Корюківський,Менська,Слобідка,,
Чернігівська ,Сосницький,Сосницька,Ганнівка,,
Чернігівська ,Корюківський,Менська,Покровське (Жовтневе),,
Чернігівська ,Сосницький,Сосницька,Сосниця,,
Чернігівська ,Сосницький,Сосницька,Загребелля,,
Чернігівська ,Сосницький,Сосницька,Гапішківка,,
Чернігівська ,Сосницький,Сосницька,Масалаївка,,
Чернігівська ,Сосницький,Сосницька,Гутище,,
Чернігівська ,Сосницький,Сосницька,Філонівка,,
Чернігівська ,Сосницький,Сосницька,Якличі,,
Чернігівська ,Сосницький,Сосницька,Спаське,,
Чернігівська ,Сосницький,Сосницька,Синютин,,
Чернігівська ,Сосницький,Сосницька,Пекарів,,
Чернігівська ,Новгород-Сіверський,Коропська,Шабалинів,,
Чернігівська ,Сосницький,Сосницька,Мале Устя,,
Чернігівська ,Сосницький,Сосницька,Кнути,,
Чернігівська ,Новгород-Сіверський,Коропська,Мохове,,
Чернігівська ,Сосницький,Сосницька,Костирів,,
Чернігівська ,Борзнянський,Височанська,Червона Гірка,,
Чернігівська ,Сосницький,Сосницька,Бондарівка,,
Чернігівська ,Сосницький,Сосницька,Мала Бондарівка,,
Чернігівська ,Борзнянський,Борзнянська,Прачі,,
Чернігівська ,Сосницький,Сосницька,Старобутівка,,
Чернігівська ,Сосницький,Сосницька,Бутівка,,
Чернігівська ,Сосницький,Сосницька,Велике Устя,,
Чернігівська ,Борзнянський,Височанська,Купченків,,
Чернігівська ,Сосницький,Сосницька,Польове,,
Чернігівська ,Борзнянський,Височанська,Галайбине,,
Чернігівська ,Борзнянський,Височанська,Головеньки,,
Чернігівська ,Борзнянський,Височанська,Клипин,,
Чернігівська ,Борзнянський,Височанська,Паристівка,,
Чернігівська ,Борзнянський,Височанська,Добропілля,,
Чернігівська ,Сосницький,Сосницька,Долинське,,
Чернігівська ,Борзнянський,Височанська,Нові Млини,,
Чернігівська ,Борзнянський,Височанська,Кербутівка,,
Чернігівська ,Новгород-Сіверський,Коропська,Нехаївка,,
Чернігівська ,Новгород-Сіверський,Коропська,Нориця,,
Чернігівська ,Сосницький,Сосницька,Кнути,,
Чернігівська ,Сосницький,Сосницька,Костирів,,
Чернігівська ,Новгород-Сіверський,Коропська,Рижки,,
Чернігівська ,Ніжинський,Батуринська,Осіч,,
Чернігівська ,Новгород-Сіверський,Коропська,Синявка,,
Чернігівська ,Новгород-Сіверський,Коропська,Груди,,
Чернігівська ,Новгород-Сіверський,Коропська,Накот,,
Чернігівська ,Новгород-Сіверський,Коропська,Кучі,,
Чернігівська ,Новгород-Сіверський,Коропська,Карильське,,
Чернігівська ,Новгород-Сіверський,Коропська,Пуста Гребля,,
Чернігівська ,Новгород-Сіверський,Коропська,Атюша,,
Чернігівська ,Ніжинський,Батуринська,Вербівка,,
Чернігівська ,Ніжинський,Батуринська,Обмачів,,
Чернігівська ,Ніжинський,Батуринська,Каціри,,
Чернігівська ,Ніжинський,Батуринська,Обірки,,
Чернігівська ,Ніжинський,Батуринська,Матіївка,,
Чернігівська ,Ніжинський,Батуринська,Батурин,,
Чернігівська ,Ніжинський,Батуринська,Мости,,
Чернігівська ,Новгород-Сіверський,Коропська,Дрібці,,
Чернігівська ,Ніжинський,Батуринська,Слобідка,,
Чернігівська ,Ніжинський,Батуринська,Голубів,,
Чернігівська ,Ніжинський,Батуринська,Шумейкине,,
Чернігівська ,Новгород-Сіверський,Коропська,Горохове,,
Чернігівська ,Новгород-Сіверський,Коропська,Новоселиця,,
Чернігівська ,Новгород-Сіверський,Коропська,Карацюбине,,
Чернігівська ,Новгород-Сіверський,Коропська,Лубенець,,
Чернігівська ,Ніжинський,Батуринська,Лісова Поляна,,
Чернігівська ,Ніжинський,Батуринська,Лопатин,,
Чернігівська ,Новгород-Сіверський,Коропська,Рубанників,,
Чернігівська ,Ніжинський,Батуринська,Бондарі,,
Чернігівська ,Ніжинський,Батуринська,Митченки,,
Чернігівська ,Ніжинський,Батуринська,Красне,,
Чернігівська ,Ніжинський,Батуринська,Тасуїв,,
Чернігівська ,Ніжинський,Батуринська,Карпенкове,,
,,,,,
Сумська область ,,,,,
Сумська ,Конотопський,Попівська,Селище,,
Сумська ,Конотопський,Попівська,Таранське,,
Сумська ,Конотопський,Попівська,Лисогубівка,,
Сумська ,Конотопський,Попівська,Вирівка,,
Сумська ,Конотопський,Попівська,Заводське,,
Сумська ,Конотопський,Конотопська міська громада,Питомник,,
Сумська ,Конотопський,Попівська,Сарнавщина,,
Сумська ,Конотопський,Попівська,Раки,,
Сумська ,Конотопський,Попівська,Кузьки,,
Сумська ,Конотопський,Попівська,Новоселівка,,
Сумська ,Конотопський,Бочечківська,Бондарі,,
Сумська ,Конотопський,Бочечківська,Савойське,,
Сумська ,Конотопський,Бочечківська,Бочечки,,
Сумська ,Конотопський,Бочечківська,Щекинське,,
Сумська ,Конотопський,Бочечківська,Козацьке,,
Сумська ,Конотопський,Бочечківська,Вовчик,,
Сумська ,Конотопський,Попівська,Жолдаки,,
Сумська ,Конотопський,Бочечківська,Новомутин,,
Сумська ,Конотопський,Бочечківська,Прилужжя,,
Сумська ,Конотопський,Бочечківська,Хижки,,
Сумська ,Конотопський,Бочечківська,Духанівка,,
Сумська ,Конотопський,Буринська ,Нечаївка,,
Сумська ,Конотопський,Буринська ,Гвинтове,,
Сумська ,Конотопський,Буринська ,Шевченкове,,
Сумська ,Конотопський,Буринська ,Коновалове,,
Сумська ,Конотопський,Буринська ,Олександрівка,,
Сумська ,Конотопський,Путивльська,Зарічне (Октябрськ),,
Сумська ,Конотопський,Путивльська,Корольки,,
Сумська ,Конотопський,Путивльська,Скуносове,,
Сумська ,Конотопський,Буринська,Дич,,
Сумська ,Конотопський,Буринська,Буринь,,
Сумська ,Конотопський,Буринська,Червона Слобода,,
Сумська ,Конотопський,Буринська,Чумакове,,
Сумська ,Конотопський,Буринська,Ігорівка,,
Сумська ,Конотопський,Буринська,Клепали,,
Сумська ,Конотопський,Буринська,Дяківка,,
Сумська ,Конотопський,Буринська,Новий мир,,
Сумська ,Конотопський,Буринська,Піски,,
Сумська ,Білопільський,Білопільська міська громада,Нові Вирки,,
Сумська ,Білопільський,Білопільська міська громада,Старі Вирки,,
Сумська ,Білопільський,Ворожбянська міська громада,Ворожба,,
Сумська ,Білопільський,Білопільська міська громада,Білопілля,,
Сумська ,Білопільський,Білопільська міська громада,Сохани,,
Сумська ,Білопільський,Білопільська міська громада,Атинське,,
Сумська ,Білопільський,Білопільська міська громада,Голишівське,,
Сумська ,Білопільський,Білопільська міська громада,Рижівка,,
Сумська ,Конотопський,Новослобідська,Бояро-Лежачі,,
Сумська ,Конотопський,Новослобідська,Манухівка,,
Сумська ,Конотопський,Новослобідська,Іванівка,,
Сумська ,Конотопський,Новослобідська,Волинцеве,,
Сумська ,Конотопський,Новослобідська,Козлівка,,
Сумська ,Конотопський,Новослобідська,Чаплищі,,
Сумська ,Конотопський,Новослобідська,Жари,,
Сумська ,Конотопський,Новослобідська,Волинцівське,,
Сумська ,Конотопський,Новослобідська,Юр'єве,,
Сумська ,Конотопський,Новослобідська,Старі Гончарі,,
Сумська ,Конотопський,Новослобідська,Нові Гончарі,,
Сумська ,Конотопський,Путивльська,Щекине,,
Сумська ,Конотопський,Путивльська,Білогалиця,,
Сумська ,Конотопський,Путивльська,Курдюмове,,
Сумська ,Конотопський,Новослобідська,Червоне Озеро,,
Сумська ,Конотопський,Путивльська,Зінове,,
Сумська ,Конотопський,Путивльська,Харівка,,
Сумська ,Конотопський,Путивльська,Пішкове,,
Сумська ,Конотопський,Новослобідська,Сахарове,,
Сумська ,Конотопський,Новослобідська,Князівка,,
Сумська ,Конотопський,Новослобідська,Мінакове,,
Сумська ,Конотопський,Путивльська,Латишівка,,
Сумська ,Конотопський,Путивльська,Пересипки,,
Сумська ,Конотопський,Новослобідська,Линове,,
Сумська ,Конотопський,Новослобідська,Ширяєве,,
Сумська ,Конотопський,Новослобідська,Кружок,,
Сумська ,Конотопський,Новослобідська,Дорошівка,,
Сумська ,Конотопський,Новослобідська,Рівне,,
Сумська ,Конотопський,Новослобідська,Партизанське,,
Сумська ,Конотопський,Новослобідська,Бунякине,,
Сумська ,Конотопський,Новослобідська,Свобода,,
Сумська ,Конотопський,Новослобідська,Нова Слобода,,
Сумська ,Конотопський,Новослобідська,Бувалине,,
Сумська ,Конотопський,Новослобідська,Бруски,,
Сумська ,Конотопський,Новослобідська,Гірки,,
Сумська ,Конотопський,Новослобідська,Сиром'ятникове,,
Сумська ,Конотопський,Путивльська,Товченикове,,
Сумська ,Конотопський,Путивльська міська громада,Путивль,,
Сумська ,Конотопський,Путивльська міська громада,Пруди,,
Сумська ,Конотопський,Путивльська міська громада,Селезнівка,,
Сумська ,Конотопський,Путивльська міська громада,Чорнобривкине,,
Сумська ,Конотопський,Путивльська міська громада,Голубкове,,
Сумська ,Конотопський,Путивльська міська громада,Зозулине,,
Сумська ,Конотопський,Путивльська міська громада,Кардаші,,
Сумська ,Конотопський,Путивльська міська громада,Спадщина,,
Сумська ,Конотопський,Путивльська міська громада,Сафонівка,,
Сумська ,Конотопський,Путивльська міська громада,Красне,,
Сумська ,Конотопський,Путивльська міська громада,Трудове,,
Сумська ,Конотопський,Путивльська міська громада,Суворове,,
Сумська ,Шосткинський,Есманьська,Студенок,,
Сумська ,Шосткинський,Глухівська міська громада,Будівельне,,
Сумська ,Шосткинський,Глухівська міська громада,Білокопитове,,
Сумська ,Шосткинський,Глухівська міська громада,Заруцьке,,
Сумська ,Шосткинський,Шалигинська,Катеринівка,,
Сумська ,Шосткинський,Шалигинська,Сваркове,,
Сумська ,Шосткинський,Шалигинська,Соснівка,,
Сумська ,Шосткинський,Шалигинська,Старикове,,
Сумська ,Шосткинський,Шалигинська,Черневе,,
Сумська ,Шосткинський,Шалигинська,Шалигине,,
Сумська ,Шосткинський,Шалигинська,Ємадикине,,
Сумська ,Шосткинський,Шалигинська,Гудове,,
Сумська ,Шосткинський,Глухівська міська громада,Перемога,,
Сумська ,Конотопський,Путивльська міська громада,Веселе,,
Сумська ,Конотопський,Глухівська міська громада,Будища,,
Сумська ,Конотопський,Глухівська міська громада,Баничі,,
Сумська ,Конотопський,Глухівська міська громада,Вікторове,,
Сумська ,Конотопський,Путивльська міська громада,Кубареве,,
Сумська ,Конотопський,Глухівська міська громада,Мацкове,,
Сумська ,Конотопський,Путивльська міська громада,Окіп,,
Сумська ,Конотопський,Путивльська міська громада,Кочерги,,
Сумська ,Конотопський,Путивльська міська громада,В'ятка,,
Сумська ,Конотопський,Путивльська міська громада,Шулешівка,,
Сумська ,Конотопський,Путивльська міська громада,Ховзівка,,
Сумська ,Конотопський,Новослобідська,Уцькове,,
Сумська ,Конотопський,Новослобідська,Мачулища,,
Сумська ,Конотопський,Новослобідська,Вощинине,,
Сумська ,Конотопський,Путивльська міська громада,Руднєве,,
Сумська ,Конотопський,Путивльська міська громада,Вегерівка,,
Сумська ,Конотопський,Путивльська міська громада,Котівка,,
Сумська ,Конотопський,Путивльська міська громада,Роща,,
Сумська ,Конотопський,Путивльська міська громада,В'язенка,,
Сумська ,Конотопський,Путивльська міська громада,Стрільники,,
Сумська ,Конотопський,Путивльська міська громада,Ротівка,,
Сумська ,Конотопський,Путивльська міська громада,Кагань,,
Сумська ,Конотопський,Путивльська міська громада,Волокитине,,
Сумська ,Конотопський,Путивльська міська громада,Щербинівка,,
Сумська ,Конотопський,Кролевецька міська громада,Антонівка,,
Сумська ,Конотопський,Путивльська міська громада,Яцине,,
Сумська ,Конотопський,Путивльська міська громада,Іванівське,,
Сумська ,Конотопський,Путивльська міська громада,Нова Шарпівка,,
Сумська ,Конотопський,Путивльська міська громада,Стара Шарпівка,,
Сумська ,Конотопський,Кролевецька міська громада,Воргол,,
Сумська ,Конотопський,Кролевецька міська громада,Литвиновичі,,
Сумська ,Конотопський,Кролевецька міська громада,Морозівка (Петрівка),,
Сумська ,Конотопський,Кролевецька міська громада,Камінь,,
Сумська ,Конотопський,Кролевецька міська громада,Заруддя,,
Сумська ,Конотопський,Кролевецька міська громада,Мутин,,
Сумська ,Конотопський,Кролевецька міська громада,Божок (Червоний Ранок),,
Сумська ,Конотопський,Кролевецька міська громада,Заболотове,,
Сумська ,Конотопський,Кролевецька міська громада,Веселі Гори,,
Сумська ,Конотопський,Кролевецька міська громада,Спаське (Ленінське),,
Сумська ,Конотопський,Кролевецька міська громада,Любитове,,
Сумська ,Конотопський,Попівська,Нове,,
Сумська ,Конотопський,Попівська,Присеймів'я,,
Сумська ,Конотопський,Попівська,Озаричі,,
Сумська ,Конотопський,Попівська,Залізничне,,
Сумська ,Конотопський,Попівська,Чорноплатове,,
Сумська ,Конотопський,Попівська,Калишенкове,,
Сумська ,Конотопський,Попівська,Мар'янівка,,
Сумська ,Конотопський,Коропська,Поліське (Пролетарське),,
Сумська ,Конотопський,Попівська,Мельня,,
Чернігівська,Корюківський,Сосницька селищна громада,Прогони,,
Чернігівська,Корюківський,Сосницька селищна громада,Купчичі,,
Чернігівська,Корюківський,Сосницька селищна громада,Змітнів,,
Чернігівська,Корюківський,Сосницька селищна громада,Конятин,,
Чернігівська,Корюківський,Коропська селищна громада,Гута,,
Чернігівська,Корюківський,Коропська селищна громада,Городище,,
Чернігівська,Корюківський,Коропська селищна громада,Придеснянське,,
Чернігівська,Корюківський,Коропська селищна громада,Чорнявка,,
Чернігівська,Корюківський,Коропська селищна громада,Черешеньки,,
Чернігівська,Корюківський,Коропська селищна громада,Вишеньки,,
Чернігівська,Корюківський,Коропська селищна громада,Бужанка,,
Чернігівська,Новгород-Сіверський,Понорницька,Розльоти,,
Чернігівська,Новгород-Сіверський,Понорницька,Радичів,,
Чернігівська,Новгород-Сіверський,Понорницька,Деснянське (Свердловськ),,
Чернігівська,Новгород-Сіверський,Понорницька,Мезин,,
Чернігівська,Новгород-Сіверський,Понорницька,Курилівка,,
Чернігівська,Новгород-Сіверський,Новгород-Сіверська міська громада,Об'єднане,,
Чернігівська,Новгород-Сіверський,Новгород-Сіверська міська громада,Гнатівка,,
Чернігівська,Новгород-Сіверський,Новгород-Сіверська міська громада,Кудлаївка,,
Чернігівська,Новгород-Сіверський,Новгород-Сіверська міська громада,Дігтярівка,,
Чернігівська,Новгород-Сіверський,Новгород-Сіверська міська громада,Гірки,,
Чернігівська,Новгород-Сіверський,Новгород-Сіверська міська громада,Горбове,,
Чернігівська,Новгород-Сіверський,Новгород-Сіверська міська громада,Путивськ,,
Чернігівська,Новгород-Сіверський,Новгород-Сіверська міська громада,Араповичі,,
Чернігівська,Новгород-Сіверський,Новгород-Сіверська міська громада,Дробишів,,
Чернігівська,Новгород-Сіверський,Новгород-Сіверська міська громада,Чулатів,,
Чернігівська,Новгород-Сіверський,Новгород-Сіверська міська громада,Комань,,
Чернігівська,Новгород-Сіверський,Новгород-Сіверська міська громада,Чернацьке,,
Чернігівська,Новгород-Сіверський,Новгород-Сіверська міська громада,Новгород-Сіверський,,
Чернігівська,Новгород-Сіверський,Новгород-Сіверська міська громада,Кролевець-Слобідка,,
Чернігівська,Новгород-Сіверський,Новгород-Сіверська міська громада,Киселівка,,
Чернігівська,Новгород-Сіверський,Новгород-Сіверська міська громада,Леньків,,
Чернігівська,Новгород-Сіверський,Новгород-Сіверська міська громада,Мамекине,,
Чернігівська,Новгород-Сіверський,Новгород-Сіверська міська громада,Лісконоги,,
Чернігівська,Новгород-Сіверський,Новгород-Сіверська міська громада,Рогівка,,
Чернігівська,Новгород-Сіверський,Новгород-Сіверська міська громада,Пушкарі,,
Чернігівська,Новгород-Сіверський,Новгород-Сіверська міська громада,Ковпинка,,
Чернігівська,Новгород-Сіверський,Новгород-Сіверська міська громада,Кремський Бугор,,
Чернігівська,Новгород-Сіверський,Новгород-Сіверська міська громада,Кам'янська Слобода,,
Чернігівська,Новгород-Сіверський,Новгород-Сіверська міська громада,Камінь,,
Чернігівська,Новгород-Сіверський,Новгород-Сіверська міська громада,Колос,,
Чернігівська,Новгород-Сіверський,Новгород-Сіверська міська громада,Новоселівка,,
Чернігівська,Новгород-Сіверський,Новгород-Сіверська міська громада,Мурав'ї,,
Чернігівська,Новгород-Сіверський,Новгород-Сіверська міська громада,Грем'яч,,
Сумська,Шосткинський,Зноб-Новгородська селищна громада,Нововасилівка,,
Сумська,Шосткинський,Зноб-Новгородська селищна громада,Красноярське,,
Сумська,Шосткинський,Зноб-Новгородська селищна громада,Очкине,,
Сумська,Шосткинський,Зноб-Новгородська селищна громада,Боровичі,,
Сумська,Шосткинський,Зноб-Новгородська селищна громада,Журавка,,
Чернігівська,Новгород-Сіверський,Новгород-Сіверська міська громада,Бирине,,
Чернігівська,Новгород-Сіверський,Новгород-Сіверська міська громада,Підгірне,,
Сумська,Шосткинський,Шосткинська міська громада,Свірж,,
Сумська,Шосткинський,Шосткинська міська громада,Остроушки,,
Сумська,Шосткинський,Шосткинська міська громада,Погребки (Коротченкове),,
Сумська,Шосткинський,Шосткинська міська громада,Івот,,
Сумська,Шосткинський,Ямпільська міська громада,Антонівка,,
Сумська,Шосткинський,Ямпільська міська громада,Лісне (Комінтерн),,
Сумська,Шосткинський,Ямпільська міська громада,Скобичівське,,
Сумська,Шосткинський,Ямпільська міська громада,Шатрище,,
Сумська,Шосткинський,Ямпільська міська громада,Деражня,,
Сумська,Шосткинський,Ямпільська міська громада,Папірня,,
Сумська,Шосткинський,Ямпільська міська громада,Чижикове,,
Сумська,Шосткинський,Ямпільська міська громада,Івотка,,
Сумська,Шосткинський,Ямпільська міська громада,Неплюєве,,
Сумська,Шосткинський,Дружбівська міська громада,Бугор,,
Сумська,Шосткинський,Дружбівська міська громада,Чуйківка,,
Сумська,Шосткинський,Дружбівська міська громада,Об'єднане,,
Сумська,Шосткинський,Дружбівська міська громада,Микитське,,
Сумська,Шосткинський,Свеська селищна громада,Родіонівка,,
Сумська,Шосткинський,Свеська селищна громада,Руденка,,
Сумська,Шосткинський,Свеська селищна громада,Ломленка,,
Сумська,Шосткинський,Свеська селищна громада,Марчихина Буда,,
Сумська,Шосткинський,Свеська селищна громада,Свеса,,
Сумська,Шосткинський,Свеська селищна громада,Шевченкове,,
Сумська,Шосткинський,Свеська селищна громада,Ржане,,
Сумська,Шосткинський,Свеська селищна громада,Орлівка,,
Сумська,Шосткинський,Ямпільська міська громада,Ямпіль,,
Сумська,Шосткинський,Ямпільська міська громада,Ростов,,
Сумська,Шосткинський,Ямпільська міська громада,Прудище,,
Сумська,Шосткинський,Ямпільська міська громада,Ольгине (Октябрщина),,
Сумська,Шосткинський,Ямпільська міська громада,Усок,,
Сумська,Шосткинський,Ямпільська міська громада,Паліївка,,
Сумська,Шосткинський,Шосткинська міська громада,Крупець,,
Сумська,Шосткинський,Шосткинська міська громада,Ображіївка,,
Сумська,Шосткинський,Шосткинська міська громада,Богданівка,,
Сумська,Шосткинський,Шосткинська міська громада,Пирогівка,,
Сумська,Шосткинський,Шосткинська міська громада,Собич,,
Сумська,Шосткинський,Шосткинська міська громада,Лісне,,
Сумська,Шосткинський,Шосткинська міська громада,Бензики,,
Сумська,Шосткинський,Шосткинська міська громада,Заболотне,,
Сумська,Шосткинський,Шосткинська міська громада,Солотвине,,
Сумська,Шосткинський,Шосткинська міська громада,Тиманівка,,
Сумська,Шосткинський,Шосткинська міська громада,Чапліївка,,
Сумська,Шосткинський,Шосткинська міська громада,Лушники,,
Сумська,Конотопський,Кролевецька міська громада,Погорілівка,,
Сумська,Конотопський,Кролевецька міська громада,Губарівщина,,
Сумська,Конотопський,Кролевецька міська громада,Медведеве,,
Сумська,Конотопський,Кролевецька міська громада,Обтове,,
Сумська,Конотопський,Кролевецька міська громада,Грибаньове,,
Сумська,Конотопський,Кролевецька міська громада,Сажалки,,
Сумська,Конотопський,Кролевецька міська громада,Ніжинське,,
Сумська,Конотопський,Кролевецька міська громада,Артюхове,,
Сумська,Конотопський,Кролевецька міська громада,Мостище,,
Сумська,Конотопський,Кролевецька міська громада,Грузьке,,
Сумська,Конотопський,Кролевецька міська громада,Реутинці,,
Сумська,Конотопський,Кролевецька міська громада,Ретик,,
Сумська,Конотопський,Кролевецька міська громада,Червона Гірка,,
Сумська,Конотопський,Кролевецька міська громада,Кролевець,,
Сумська,Конотопський,Кролевецька міська громада,Марухи,,
Сумська,Конотопський,Кролевецька міська громада,Бистрик,,
Сумська,Конотопський,Кролевецька міська громада,Ковбасине,,
Сумська,Конотопський,Кролевецька міська громада,Тулиголове,,
Сумська,Конотопський,Кролевецька міська громада,Ярославець,,
Сумська,Шосткинський,Глухівська міська громада,Сутиски,,
Сумська,Конотопський,Кролевецька міська громада,Прогрес,,
Чернігівська,Новгород-Сіверський,Коропська селищна громада,Райгородок,,
Чернігівська,Новгород-Сіверський,Коропська селищна громада,Жернівка,,
Чернігівська,Новгород-Сіверський,Коропська селищна громада,Вільне,,
Чернігівська,Новгород-Сіверський,Коропська селищна громада,Зайцеве,,
Чернігівська,Новгород-Сіверський,Коропська селищна громада,Лиса Гора,,
Чернігівська,Новгород-Сіверський,Коропська селищна громада,Короп,,
Чернігівська,Новгород-Сіверський,Коропська селищна громада,Риботин,,
Чернігівська,Новгород-Сіверський,Коропська селищна громада,Сохачі,,
Чернігівська,Новгород-Сіверський,Коропська селищна громада,Подоляки,,
Чернігівська,Новгород-Сіверський,Коропська селищна громада,Галичівка,,
Чернігівська,Новгород-Сіверський,Коропська селищна громада,Лебедин,,
Чернігівська,Новгород-Сіверський,Коропська селищна громада,Станове,,
